,name,stock,start_time,end_time,days,成交量均值,成交金额均值,上周涨跌幅,涨跌幅均值,股价波动程度,开收盘价方差,未来一周的收益率
0,IDEX Corporation,IEX,2017-01-02 00:00:00.000000000,2017-01-08 23:59:59.999999999,4,305150.0,25949769.50416565,inf,-0.0016991503508890322,0.0050351308318427835,0.3512523882982324,0.016166792931434804
1,IDEX Corporation,IEX,2017-01-09 00:00:00.000000000,2017-01-15 23:59:59.999999999,5,194980.0,16562046.345825195,-0.006796601403556129,0.005662328991396907,0.010816461130489712,1.1035372075803553,-0.006323733865781022
2,IDEX Corporation,IEX,2017-01-16 00:00:00.000000000,2017-01-22 23:59:59.999999999,4,174950.0,14878888.768005371,0.028311644956984534,0.0018514669183241706,0.00316398081033679,0.10822308911850514,0.01492214144427163
3,IDEX Corporation,IEX,2017-01-23 00:00:00.000000000,2017-01-29 23:59:59.999999999,5,152320.0,13159717.790374756,0.007405867673296682,0.00475937174273792,0.011230234619851153,1.9836748411021219,-0.01589218233531039
4,IDEX Corporation,IEX,2017-01-30 00:00:00.000000000,2017-02-05 23:59:59.999999999,5,396260.0,33472292.26333618,0.023796858713689598,-0.0021517306715836473,0.012450069446297634,2.371381831239888,-0.0010985082190388528
5,IDEX Corporation,IEX,2017-02-06 00:00:00.000000000,2017-02-12 23:59:59.999999999,5,228120.0,19288781.75338745,-0.010758653357918237,0.0017976107709518896,0.004115969565480493,0.20259962461935807,0.015946244134861506
6,IDEX Corporation,IEX,2017-02-13 00:00:00.000000000,2017-02-19 23:59:59.999999999,5,200780.0,17316107.633972168,0.008988053854759448,0.0009134043375148323,0.0043304804573194074,0.23661381808933518,0.0005413157481534653
7,IDEX Corporation,IEX,2017-02-20 00:00:00.000000000,2017-02-26 23:59:59.999999999,4,317450.0,27644743.1640625,0.004567021687574162,-0.003177776538590257,0.006313735267160278,0.8185619165805168,0.01904189076747973
8,IDEX Corporation,IEX,2017-02-27 00:00:00.000000000,2017-03-05 23:59:59.999999999,5,451800.0,39901895.76324463,-0.012711106154361027,0.0011532985988814358,0.01533541534979438,3.065035278654774,-0.020703197248036032
9,IDEX Corporation,IEX,2017-03-06 00:00:00.000000000,2017-03-12 23:59:59.999999999,5,296100.0,25723484.51828003,0.00576649299440718,-0.003744717174656024,0.009779194133209363,1.325916060625774,0.004228229193385395
10,IDEX Corporation,IEX,2017-03-13 00:00:00.000000000,2017-03-19 23:59:59.999999999,5,364800.0,31689889.947052002,-0.01872358587328012,-0.0003018272399874212,0.0062777680106765425,0.7259452695639157,-0.012522957010689473
11,IDEX Corporation,IEX,2017-03-20 00:00:00.000000000,2017-03-26 23:59:59.999999999,5,215860.0,18467778.41369629,-0.001509136199937106,-0.0013033196631728602,0.0051116213381963045,0.7459732463137165,0.02230237139105029
12,IDEX Corporation,IEX,2017-03-27 00:00:00.000000000,2017-04-02 23:59:59.999999999,5,237900.0,20615517.548980713,-0.006516598315864301,0.004751476164911033,0.008948731845414991,1.3800221423749877,-0.0019250129839521574
13,IDEX Corporation,IEX,2017-04-03 00:00:00.000000000,2017-04-09 23:59:59.999999999,5,241680.0,21033041.616363525,0.023757380824555165,0.00099055477363966,0.005200253618494529,0.47173469334790696,-0.017250323948618855
14,IDEX Corporation,IEX,2017-04-10 00:00:00.000000000,2017-04-16 23:59:59.999999999,4,229075.0,19976883.62636566,0.0049527738681983,-0.004968876609302361,0.01263169503137712,1.784207093116304,0.10760985396433452
15,IDEX Corporation,IEX,2017-04-17 00:00:00.000000000,2017-04-23 23:59:59.999999999,5,550240.0,50598837.12234497,-0.019875506437209443,0.017864070954798462,0.04172871834727668,24.379459018522308,0.031203814849813407
16,IDEX Corporation,IEX,2017-04-24 00:00:00.000000000,2017-04-30 23:59:59.999999999,5,472640.0,45980888.86260986,0.0893203547739923,0.005230714737023522,0.01224170074428841,3.0411678041614505,0.005918309816669401
17,IDEX Corporation,IEX,2017-05-01 00:00:00.000000000,2017-05-07 23:59:59.999999999,5,359380.0,35168424.606933594,0.02615357368511761,0.0017421436003188563,0.004961299817487659,0.42716784755415105,-0.014257217758514623
18,IDEX Corporation,IEX,2017-05-08 00:00:00.000000000,2017-05-14 23:59:59.999999999,5,244160.0,23902851.776428223,0.008710718001594281,-0.0021002334790945535,0.004035609388171561,0.3423993773475542,0.03081834908248095
19,IDEX Corporation,IEX,2017-05-15 00:00:00.000000000,2017-05-21 23:59:59.999999999,5,467220.0,46475172.83554077,-0.010501167395472768,0.0048180907054308315,0.008940727003575719,1.6692626216963906,0.009559522945699714
20,IDEX Corporation,IEX,2017-05-22 00:00:00.000000000,2017-05-28 23:59:59.999999999,5,455600.0,46252617.03826904,0.02409045352715416,0.001628467264165274,0.006452854898149417,1.026510039025012,0.022094442622059094
21,IDEX Corporation,IEX,2017-05-29 00:00:00.000000000,2017-06-04 23:59:59.999999999,4,1056425.0,107881242.56477356,0.00814233632082637,0.005073678526452033,0.008539801143008204,1.4348509334804436,0.008083313664737744
22,IDEX Corporation,IEX,2017-06-05 00:00:00.000000000,2017-06-11 23:59:59.999999999,5,356640.0,36907419.91088867,0.02029471410580813,0.0021307479284970185,0.00545475236289876,0.4321589952950111,0.01991184931875455
23,IDEX Corporation,IEX,2017-06-12 00:00:00.000000000,2017-06-18 23:59:59.999999999,5,395440.0,41728135.61218262,0.010653739642485094,0.003908864358297436,0.008022647260035997,1.2508805251306505,-0.0044171231990374656
24,IDEX Corporation,IEX,2017-06-19 00:00:00.000000000,2017-06-25 23:59:59.999999999,5,294960.0,31210781.65496826,0.019544321791487178,-0.0036927468283811673,0.012801783033021251,3.7470386475327784,0.0027508071854826896
25,IDEX Corporation,IEX,2017-06-26 00:00:00.000000000,2017-07-02 23:59:59.999999999,5,296240.0,31276351.816711426,-0.018463734141905837,0.0007460961464120793,0.006060055841559653,0.5858553595681264,0.009910640786273316
26,IDEX Corporation,IEX,2017-07-03 00:00:00.000000000,2017-07-09 23:59:59.999999999,4,326300.0,34719906.33640289,0.0037304807320603967,0.0013655170865518242,0.005277194242747074,0.4877032724825414,0.001593538921423608
27,IDEX Corporation,IEX,2017-07-10 00:00:00.000000000,2017-07-16 23:59:59.999999999,5,296420.0,31805415.585632324,0.005462068346207297,0.0006527380924907696,0.003813138420168201,0.4225621210039319,0.0002630374083211689
28,IDEX Corporation,IEX,2017-07-17 00:00:00.000000000,2017-07-23 23:59:59.999999999,5,218460.0,23500554.13116455,0.0032636904624538483,-0.0003853827705523133,0.0036228472843636565,0.18643887477769122,0.023163988412647062
29,IDEX Corporation,IEX,2017-07-24 00:00:00.000000000,2017-07-30 23:59:59.999999999,5,456420.0,49657436.685028076,-0.0019269138527615664,0.004794491842963823,0.014691794643836145,4.960521173551468,-0.0033443134012208376
30,IDEX Corporation,IEX,2017-07-31 00:00:00.000000000,2017-08-06 23:59:59.999999999,5,301840.0,32961785.357818604,0.02397245921481912,-0.0005491549409472158,0.003948429160698079,0.5983186140906348,-0.026673478428974804
31,IDEX Corporation,IEX,2017-08-07 00:00:00.000000000,2017-08-13 23:59:59.999999999,5,230720.0,25038368.195495605,-0.0027457747047360793,-0.006764623257398875,0.017290554489134417,6.084426998258373,-0.0014146802231308907
32,IDEX Corporation,IEX,2017-08-14 00:00:00.000000000,2017-08-20 23:59:59.999999999,5,175900.0,18989963.42941284,-0.03382311628699437,-0.0031198303572945716,0.011476976576015926,2.7759367294328414,0.013633125508081736
33,IDEX Corporation,IEX,2017-08-21 00:00:00.000000000,2017-08-27 23:59:59.999999999,5,133060.0,14301267.97958374,-0.015599151786472858,0.0019222068702640445,0.0046257196615228525,0.5598353160918585,0.028646581945057866
34,IDEX Corporation,IEX,2017-08-28 00:00:00.000000000,2017-09-03 23:59:59.999999999,5,158460.0,17413556.504974365,0.009611034351320222,0.004799212769262893,0.01122887373768294,3.5787117890607565,0.023518223293761412
35,IDEX Corporation,IEX,2017-09-04 00:00:00.000000000,2017-09-10 23:59:59.999999999,4,202600.0,22662530.54523468,0.023996063846314464,0.007058144193780907,0.013231703471521427,2.196969647082227,0.008627093890086729
36,IDEX Corporation,IEX,2017-09-11 00:00:00.000000000,2017-09-17 23:59:59.999999999,5,236960.0,27056150.387878418,0.028232576775123627,0.0014746871400029681,0.005178776110239406,0.6243075266942502,0.012583267908093125
37,IDEX Corporation,IEX,2017-09-18 00:00:00.000000000,2017-09-24 23:59:59.999999999,5,323680.0,37606034.69467163,0.007373435700014841,-0.0006154210533107063,0.0014325777234054412,0.47024897168215346,-0.013401451167953939
38,IDEX Corporation,IEX,2017-09-25 00:00:00.000000000,2017-10-01 23:59:59.999999999,5,277520.0,32068225.98876953,-0.0030771052665535315,-0.00341479699106376,0.006685512398925996,0.9799488821921497,0.01984014989560024
39,IDEX Corporation,IEX,2017-10-02 00:00:00.000000000,2017-10-08 23:59:59.999999999,5,411780.0,47921841.86538696,-0.0170739849553188,0.0017424877347949265,0.004830416666809977,1.1528042530746752,0.008161747977895612
40,IDEX Corporation,IEX,2017-10-09 00:00:00.000000000,2017-10-15 23:59:59.999999999,5,270260.0,31537369.098205566,0.008712438673974632,0.002860527724977921,0.00704330779673925,1.2150363130585826,0.010038580279398438
41,IDEX Corporation,IEX,2017-10-16 00:00:00.000000000,2017-10-22 23:59:59.999999999,5,357480.0,42173865.684661865,0.014302638624889605,0.001135443256180709,0.004837706050307904,2.1463124184712203,0.0209907861392004
42,IDEX Corporation,IEX,2017-10-23 00:00:00.000000000,2017-10-29 23:59:59.999999999,5,325960.0,39377596.98287964,0.005677216280903544,0.005884234425143584,0.013421205179226733,4.424210193484929,-0.004672595483431844
43,IDEX Corporation,IEX,2017-10-30 00:00:00.000000000,2017-11-05 23:59:59.999999999,5,294420.0,35670718.327178955,0.02942117212571792,-0.00023444195333584237,0.002009633222180899,0.2978515188743922,0.0016430701192384947
44,IDEX Corporation,IEX,2017-11-06 00:00:00.000000000,2017-11-12 23:59:59.999999999,5,175620.0,21223482.840270996,-0.0011722097666792119,0.0002345943172090815,0.0026242253953321962,0.18234480680031673,0.0007030088008081214
45,IDEX Corporation,IEX,2017-11-13 00:00:00.000000000,2017-11-19 23:59:59.999999999,5,168660.0,20381388.358459473,0.0011729715860454076,0.0002344545590974174,0.005482606271630004,0.49789500923226726,0.020138866155136367
46,IDEX Corporation,IEX,2017-11-20 00:00:00.000000000,2017-11-26 23:59:59.999999999,4,163025.0,20043366.952705383,0.001172272795487087,0.003176990389424004,0.005404446970274966,2.740302712944805,0.02525077829875886
47,IDEX Corporation,IEX,2017-11-27 00:00:00.000000000,2017-12-03 23:59:59.999999999,5,302160.0,38106649.06082153,0.012707961557696016,0.00483069040906223,0.013364339501162477,5.0719973688093045,-0.01007546728931167
48,IDEX Corporation,IEX,2017-12-04 00:00:00.000000000,2017-12-10 23:59:59.999999999,5,251240.0,31529204.001464844,0.02415345204531115,-0.0014222919967534075,0.004583062745585744,1.7049114094932332,-0.010856416151370224
49,IDEX Corporation,IEX,2017-12-11 00:00:00.000000000,2017-12-17 23:59:59.999999999,5,239980.0,29713383.53363037,-0.007111459983767037,-0.0016778545377030836,0.008751193017292233,2.4434758370512837,0.006631201248625326
50,IDEX Corporation,IEX,2017-12-18 00:00:00.000000000,2017-12-24 23:59:59.999999999,5,193060.0,24182866.304779053,-0.008389272688515418,0.00019708737116301764,0.003156685403133105,0.2570310905679012,-0.0007571740547064514
51,IDEX Corporation,IEX,2017-12-25 00:00:00.000000000,2017-12-31 23:59:59.999999999,4,168800.0,21109622.7142334,0.0009854368558150882,-9.467496902560015e-05,0.0018201464151467014,0.32640894291487305,0.02098947354525745
52,IDEX Corporation,IEX,2018-01-01 00:00:00.000000000,2018-01-07 23:59:59.999999999,4,345100.0,43524104.95700836,-0.0003786998761024006,0.005809594180829657,0.011818213427805977,4.846404514128554,0.01815470393586559
53,IDEX Corporation,IEX,2018-01-08 00:00:00.000000000,2018-01-14 23:59:59.999999999,5,221500.0,28453427.321777344,0.02323837672331863,0.0032839332720324167,0.008133889969181074,2.0255500083803883,0.011256626654628055
54,IDEX Corporation,IEX,2018-01-15 00:00:00.000000000,2018-01-21 23:59:59.999999999,4,204375.0,26542618.76182556,0.016419666360162084,0.002777183106572565,0.006148695196612576,0.742904530477037,0.029489943309722946
55,IDEX Corporation,IEX,2018-01-22 00:00:00.000000000,2018-01-28 23:59:59.999999999,5,259500.0,34403665.91949463,0.01110873242629026,0.006854915296526985,0.01539428456365444,5.790208142555014,-0.0021058875402293867
56,IDEX Corporation,IEX,2018-01-29 00:00:00.000000000,2018-02-04 23:59:59.999999999,5,417420.0,56792181.63269043,0.034274576482634926,0.002090164056286949,0.011567554675101377,7.680796864286966,-0.07901231815281355
57,IDEX Corporation,IEX,2018-02-05 00:00:00.000000000,2018-02-11 23:59:59.999999999,5,390100.0,49570258.54476929,0.010450820281434745,-0.006604096781863876,0.01758399546584144,12.987367355795634,0.04927416834138079
58,IDEX Corporation,IEX,2018-02-12 00:00:00.000000000,2018-02-18 23:59:59.999999999,5,243940.0,31146884.732513428,-0.03302048390931938,0.007117508896749674,0.016137078641535886,9.233679360722192,0.021041468420698196
59,IDEX Corporation,IEX,2018-02-19 00:00:00.000000000,2018-02-25 23:59:59.999999999,4,224325.0,29373024.49569702,0.03558754448374837,0.006230380993595068,0.01119700427948702,3.249639896927997,-0.01989473377528049
60,IDEX Corporation,IEX,2018-02-26 00:00:00.000000000,2018-03-04 23:59:59.999999999,5,286180.0,37536811.427612305,0.024921523974380272,-0.006135385790296857,0.017083173942793996,12.886383838828886,0.07275366247058683
61,IDEX Corporation,IEX,2018-03-05 00:00:00.000000000,2018-03-11 23:59:59.999999999,5,364620.0,49330897.880859375,-0.030676928951484283,0.012311024448680286,0.022177625638672878,15.715410449627626,0.0018312740500634063
62,IDEX Corporation,IEX,2018-03-12 00:00:00.000000000,2018-03-18 23:59:59.999999999,5,254180.0,35463099.78179932,0.06155512224340143,0.0013906201889717087,0.0035248037802685095,0.42507702922330226,-0.03344171379499824
63,IDEX Corporation,IEX,2018-03-19 00:00:00.000000000,2018-03-25 23:59:59.999999999,5,273000.0,38157199.96765137,0.006953100944858543,-0.0060844711635881215,0.021915584485497058,11.658980130262002,-0.0018911706014792275
64,IDEX Corporation,IEX,2018-03-26 00:00:00.000000000,2018-04-01 23:59:59.999999999,4,341450.0,46178235.95123291,-0.030422355817940606,-0.004800505234182287,0.014462199091578833,8.739849410817202,-0.026243459058032114
65,IDEX Corporation,IEX,2018-04-02 00:00:00.000000000,2018-04-08 23:59:59.999999999,5,306780.0,40994794.798583984,-0.01920202093672915,-0.0009037991946099309,0.012773232643409725,5.092528997278888,0.022843376298381467
66,IDEX Corporation,IEX,2018-04-09 00:00:00.000000000,2018-04-15 23:59:59.999999999,5,267520.0,35818781.984558105,-0.004518995973049654,0.003878178619739857,0.008260464036996705,2.9165787549186017,0.019022265438846116
67,IDEX Corporation,IEX,2018-04-16 00:00:00.000000000,2018-04-22 23:59:59.999999999,5,281160.0,38509647.86071777,0.019390893098699284,0.003017761319003919,0.008333078997057899,2.961370078551858,-0.05634684232962429
68,IDEX Corporation,IEX,2018-04-23 00:00:00.000000000,2018-04-29 23:59:59.999999999,5,334300.0,43787000.92651367,0.015088806595019596,-0.008703519520721938,0.01765746939025906,18.218193823485272,7.330614484634231e-05
69,IDEX Corporation,IEX,2018-04-30 00:00:00.000000000,2018-05-06 23:59:59.999999999,5,458160.0,58175790.55206299,-0.04351759760360969,0.004249615027497199,0.01174340117594014,4.055251690285573,0.016776448909951534
70,IDEX Corporation,IEX,2018-05-07 00:00:00.000000000,2018-05-13 23:59:59.999999999,5,312600.0,40614102.732543945,0.021248075137485996,0.0036985647751710897,0.008036766457088729,2.2903115740949915,0.008528335371671397
71,IDEX Corporation,IEX,2018-05-14 00:00:00.000000000,2018-05-20 23:59:59.999999999,5,203600.0,26766356.105041504,0.01849282387585545,0.0026430263317541594,0.006843488963187661,1.2537665149206005,-0.0019347181172589727
72,IDEX Corporation,IEX,2018-05-21 00:00:00.000000000,2018-05-27 23:59:59.999999999,5,196320.0,26261606.152038574,0.013215131658770796,-0.003872731118013762,0.007627907720880127,1.8152915567004486,0.0014359750968687315
73,IDEX Corporation,IEX,2018-05-28 00:00:00.000000000,2018-06-03 23:59:59.999999999,4,366475.0,48514961.43531799,-0.01936365559006881,0.00284626268379636,0.008255064443954909,1.650488694926209,0.03341239360609817
74,IDEX Corporation,IEX,2018-06-04 00:00:00.000000000,2018-06-10 23:59:59.999999999,5,254560.0,34373578.48449707,0.01138505073518544,0.007023917811014811,0.013456020882418906,5.841947777336492,-0.006105751658784646
75,IDEX Corporation,IEX,2018-06-11 00:00:00.000000000,2018-06-17 23:59:59.999999999,5,310340.0,42283052.4911499,0.035119589055074056,-0.00019528923709368192,0.003959932356940603,0.6291756983413148,-0.032041969004838085
76,IDEX Corporation,IEX,2018-06-18 00:00:00.000000000,2018-06-24 23:59:59.999999999,5,273800.0,36668781.75201416,-0.0009764461854684096,-0.007403342790559109,0.015779939986960697,5.766679655103966,-0.015721925170797343
77,IDEX Corporation,IEX,2018-06-25 00:00:00.000000000,2018-07-01 23:59:59.999999999,5,360120.0,46652472.59429932,-0.037016713952795544,-0.0009335229492130395,0.004880839022758825,1.441550171597323,0.006667599608916249
78,IDEX Corporation,IEX,2018-07-02 00:00:00.000000000,2018-07-08 23:59:59.999999999,4,341575.0,44424866.30935669,-0.004667614746065198,0.0029456700256729027,0.007995664274828687,1.6327959473496543,0.012322095651509112
79,IDEX Corporation,IEX,2018-07-09 00:00:00.000000000,2018-07-15 23:59:59.999999999,5,344700.0,45365275.32501221,0.01178268010269161,0.0010159237407075588,0.0065282986270463386,0.9816158445935669,0.010025223036394226
80,IDEX Corporation,IEX,2018-07-16 00:00:00.000000000,2018-07-22 23:59:59.999999999,5,254060.0,33743803.275756836,0.005079618703537794,0.003813179517503383,0.00906717916613466,2.4321108837602576,0.07076551491654141
81,IDEX Corporation,IEX,2018-07-23 00:00:00.000000000,2018-07-29 23:59:59.999999999,5,496820.0,69759995.56121826,0.019065897587516915,0.018188430744036956,0.0429061855741453,65.89020304976563,0.012070307531751217
82,IDEX Corporation,IEX,2018-07-30 00:00:00.000000000,2018-08-05 23:59:59.999999999,5,412740.0,59865430.41107178,0.09094215372018478,0.005122589933622666,0.01456059751168156,7.556823839359883,-0.004744079775879205
83,IDEX Corporation,IEX,2018-08-06 00:00:00.000000000,2018-08-12 23:59:59.999999999,5,178540.0,25982550.686340332,0.025612949668113328,-0.002523412314766268,0.006096441571972368,1.3021231299934413,0.007150463391475435
84,IDEX Corporation,IEX,2018-08-13 00:00:00.000000000,2018-08-19 23:59:59.999999999,5,258940.0,37522080.80932617,-0.012617061573831339,0.0013634479312966646,0.0029517672003947864,0.34301639559384656,-0.004075720996336864
85,IDEX Corporation,IEX,2018-08-20 00:00:00.000000000,2018-08-26 23:59:59.999999999,5,284980.0,41439254.91333008,0.0068172396564833235,-0.0020513537119363325,0.0076126191516312156,1.7458372428801634,0.011287102844684207
86,IDEX Corporation,IEX,2018-08-27 00:00:00.000000000,2018-09-02 23:59:59.999999999,5,222320.0,32644376.86767578,-0.010256768559681663,-0.00039085386135330913,0.0054426785478994665,1.572713378049988,-0.005613117969907553
87,IDEX Corporation,IEX,2018-09-03 00:00:00.000000000,2018-09-09 23:59:59.999999999,4,268775.0,39144546.30393982,-0.0019542693067665456,-0.0007199298814505173,0.0012410342136428172,0.32555151005439315,0.019231889175294243
88,IDEX Corporation,IEX,2018-09-10 00:00:00.000000000,2018-09-16 23:59:59.999999999,5,375440.0,54815939.1204834,-0.002879719525802069,0.003619191924062101,0.01025884156663184,2.825664802331848,0.00566728969653418
89,IDEX Corporation,IEX,2018-09-17 00:00:00.000000000,2018-09-23 23:59:59.999999999,5,322160.0,47875753.599243164,0.018095959620310506,0.0029369805344614426,0.007150046660415341,1.9481675201404354,-0.03522023665655133
90,IDEX Corporation,IEX,2018-09-24 00:00:00.000000000,2018-09-30 23:59:59.999999999,5,283120.0,41263530.578308105,0.014684902672307213,-0.005323687953224588,0.010504037050792234,4.730975000180182,-0.017257321241175728
91,IDEX Corporation,IEX,2018-10-01 00:00:00.000000000,2018-10-07 23:59:59.999999999,5,359760.0,51670572.562561035,-0.026618439766122944,-0.004036757501080674,0.00814530771929931,1.828921504874908,-0.07814415829918896
92,IDEX Corporation,IEX,2018-10-08 00:00:00.000000000,2018-10-14 23:59:59.999999999,5,488800.0,65177442.02484131,-0.020183787505403367,-0.012770903170835016,0.034182537754750525,39.195959745941884,-0.023519168864316535
93,IDEX Corporation,IEX,2018-10-15 00:00:00.000000000,2018-10-21 23:59:59.999999999,5,478280.0,62126595.70953369,-0.06385451585417508,-0.003432485484846937,0.013488742614026043,3.6539216677506445,-0.041321605279339625
94,IDEX Corporation,IEX,2018-10-22 00:00:00.000000000,2018-10-28 23:59:59.999999999,5,705820.0,86980412.85842896,-0.017162427424234687,-0.009255018104733623,0.021780863401209227,15.436123036179279,0.05299526399478718
95,IDEX Corporation,IEX,2018-10-29 00:00:00.000000000,2018-11-04 23:59:59.999999999,5,575100.0,71015259.99481201,-0.046275090523668114,0.014574831898338086,0.03229626346078167,24.174230533757992,0.010512856737345285
96,IDEX Corporation,IEX,2018-11-05 00:00:00.000000000,2018-11-11 23:59:59.999999999,5,373840.0,48602820.8996582,0.07287415949169043,0.0023741935483870967,0.01346210978548594,5.96691754267803,0.009075389237110197
97,IDEX Corporation,IEX,2018-11-12 00:00:00.000000000,2018-11-18 23:59:59.999999999,5,300440.0,38676819.696502686,0.011870967741935483,0.005669527391196192,0.013797536222240996,4.749159140693239,-0.03919250574935526
98,IDEX Corporation,IEX,2018-11-19 00:00:00.000000000,2018-11-25 23:59:59.999999999,4,343175.0,43686645.466423035,0.028347636955980964,-0.005961627069186682,0.010592634309410626,5.70674974720014,0.04566200049881835
99,IDEX Corporation,IEX,2018-11-26 00:00:00.000000000,2018-12-02 23:59:59.999999999,5,243240.0,31432566.707458496,-0.02384650827674673,0.0062288844419608625,0.015311948772584011,4.577057345499498,-0.02736530551981363
100,IDEX Corporation,IEX,2018-12-03 00:00:00.000000000,2018-12-09 23:59:59.999999999,4,603200.0,77916155.22880554,0.03114442220980431,-0.0099684205524872,0.018202956297604232,18.06501967507909,-0.008081336977400743
101,IDEX Corporation,IEX,2018-12-10 00:00:00.000000000,2018-12-16 23:59:59.999999999,5,391380.0,50259418.29223633,-0.0398736822099488,-0.002708714843997369,0.008971336663333431,3.064201335253453,-0.0667621792005078
102,IDEX Corporation,IEX,2018-12-17 00:00:00.000000000,2018-12-23 23:59:59.999999999,5,506180.0,61179464.224853516,-0.013543574219986846,-0.00866134629080695,0.01983442308426004,16.11310075599203,0.003637542431607845
103,IDEX Corporation,IEX,2018-12-24 00:00:00.000000000,2018-12-30 23:59:59.999999999,4,316850.0,37516760.97507477,-0.04330673145403475,0.01163185034893553,0.02426225523531964,15.735195463943224,0.04180083829498555
104,IDEX Corporation,IEX,2018-12-31 00:00:00.000000000,2019-01-06 23:59:59.999999999,4,325725.0,39276107.46364593,0.04652740139574212,0.006118334993489827,0.026120072451173627,10.007033828145472,0.05573985668576562
105,IDEX Corporation,IEX,2019-01-07 00:00:00.000000000,2019-01-13 23:59:59.999999999,5,381220.0,49113976.259002686,0.02447333997395931,0.007175836145219744,0.014439100335448343,10.00488102671353,0.03408535675280108
106,IDEX Corporation,IEX,2019-01-14 00:00:00.000000000,2019-01-20 23:59:59.999999999,5,321980.0,42575291.01074219,0.03587918072609872,0.008702738247092274,0.018635526098376546,9.0908585646248,-0.024934411932785096
107,IDEX Corporation,IEX,2019-01-21 00:00:00.000000000,2019-01-27 23:59:59.999999999,4,294125.0,38667064.63813782,0.043513691235461366,-0.0006177110414593151,0.005365105980841969,2.007538478006966,0.005901336914951423
108,IDEX Corporation,IEX,2019-01-28 00:00:00.000000000,2019-02-03 23:59:59.999999999,5,396120.0,52309074.75646973,-0.0024708441658372604,0.0035680244691838115,0.009324979242853172,7.703491895140595,0.014123378211002709
109,IDEX Corporation,IEX,2019-02-04 00:00:00.000000000,2019-02-10 23:59:59.999999999,5,286780.0,38190468.1842041,0.017840122345919057,0.0027365496505363947,0.006240119971234526,0.846456831206277,0.02928141624888234
110,IDEX Corporation,IEX,2019-02-11 00:00:00.000000000,2019-02-17 23:59:59.999999999,5,332460.0,45344537.52410889,0.013682748252681974,0.0053576463017223925,0.010510199888951978,3.356933280916828,0.002983494278375106
111,IDEX Corporation,IEX,2019-02-18 00:00:00.000000000,2019-02-24 23:59:59.999999999,4,278450.0,38301879.94194031,0.02678823150861196,0.003525326077616687,0.00675336165681149,1.1376319490323052,0.0020757606479169036
112,IDEX Corporation,IEX,2019-02-25 00:00:00.000000000,2019-03-03 23:59:59.999999999,5,255580.0,35465148.1729126,0.014101304310466748,2.764084408556684e-05,0.004260254753817306,1.0272316874506036,-0.013048404384065588
113,IDEX Corporation,IEX,2019-03-04 00:00:00.000000000,2019-03-10 23:59:59.999999999,5,261800.0,36324887.148132324,0.0001382042204278342,-0.0035589667446895776,0.007204945848571268,2.540280792127957,0.03329642274751437
114,IDEX Corporation,IEX,2019-03-11 00:00:00.000000000,2019-03-17 23:59:59.999999999,5,403520.0,56977752.80609131,-0.017794833723447888,0.001321958772249734,0.00485912378574345,3.3571100841772092,0.0014214634965743675
115,IDEX Corporation,IEX,2019-03-18 00:00:00.000000000,2019-03-24 23:59:59.999999999,5,325740.0,46807423.853759766,0.0066097938612486706,-0.00273367700688371,0.00960690015622888,4.292243134047523,0.025755563872108127
116,IDEX Corporation,IEX,2019-03-25 00:00:00.000000000,2019-03-31 23:59:59.999999999,5,246620.0,35645941.01257324,-0.01366838503441855,0.005303766372231496,0.010339598630317505,4.488211380404666,0.02978771918492224
117,IDEX Corporation,IEX,2019-04-01 00:00:00.000000000,2019-04-07 23:59:59.999999999,5,283940.0,42476155.51574707,0.026518831861157482,0.0006163017712710331,0.003950055652217098,2.3947399460168763,0.00646340708383398
118,IDEX Corporation,IEX,2019-04-08 00:00:00.000000000,2019-04-14 23:59:59.999999999,5,215840.0,32423111.49230957,0.0030815088563551658,-0.0001779016805593064,0.008779953438617484,3.8140136447001654,-0.017485805598568892
119,IDEX Corporation,IEX,2019-04-15 00:00:00.000000000,2019-04-21 23:59:59.999999999,4,438050.0,65319525.30632019,-0.000889508402796532,-0.0027046860343176615,0.005655744882032136,1.9351523501752022,0.013396224087378122
120,IDEX Corporation,IEX,2019-04-22 00:00:00.000000000,2019-04-28 23:59:59.999999999,5,484520.0,72368537.63671875,-0.010818744137270646,0.0038931600953106987,0.010801425578156247,4.0888865628756434,-0.0010215857933227447
121,IDEX Corporation,IEX,2019-04-29 00:00:00.000000000,2019-05-05 23:59:59.999999999,5,319980.0,48003435.73120117,0.019465800476553493,-0.0011062094813511962,0.007256518034711891,3.4769422569103225,-0.012401654325706696
122,IDEX Corporation,IEX,2019-05-06 00:00:00.000000000,2019-05-12 23:59:59.999999999,5,324440.0,48107389.50714111,-0.005531047406755981,-0.0019358893598284172,0.007731530263292012,2.356982865004041,-0.021928151811927015
123,IDEX Corporation,IEX,2019-05-13 00:00:00.000000000,2019-05-19 23:59:59.999999999,5,219840.0,32074160.264587402,-0.009679446799142085,0.0007071121628736046,0.010176923628031874,4.202698706595114,0.015337401060852851
124,IDEX Corporation,IEX,2019-05-20 00:00:00.000000000,2019-05-26 23:59:59.999999999,5,242520.0,35490147.724609375,0.0035355608143680228,0.0025028139174427654,0.007289041469323989,3.381407953096166,-0.001373209492520295
125,IDEX Corporation,IEX,2019-05-27 00:00:00.000000000,2019-06-02 23:59:59.999999999,4,358775.0,52552282.80258179,0.012514069587213827,0.0020133041967598784,0.003807029465669543,1.3859311759915223,0.05808393571194905
126,IDEX Corporation,IEX,2019-06-03 00:00:00.000000000,2019-06-09 23:59:59.999999999,5,336360.0,51374452.654418945,0.008053216787039514,0.010513949043469112,0.018228840427921736,15.011518914060407,-0.01175892417039783
127,IDEX Corporation,IEX,2019-06-10 00:00:00.000000000,2019-06-16 23:59:59.999999999,5,334040.0,51912587.52166748,0.05256974521734556,-0.004157732278791548,0.008891071490102197,4.414210388253432,0.049223593014890536
128,IDEX Corporation,IEX,2019-06-17 00:00:00.000000000,2019-06-23 23:59:59.999999999,5,461300.0,73304143.00079346,-0.020788661393957738,0.009582174434409127,0.018075299689090857,13.929456034427982,0.027456019022785664
129,IDEX Corporation,IEX,2019-06-24 00:00:00.000000000,2019-06-30 23:59:59.999999999,5,614040.0,100308346.2713623,0.047910872172045635,0.007560156417951025,0.014048937412328325,7.370954773213001,-0.0023818225017010063
130,IDEX Corporation,IEX,2019-07-01 00:00:00.000000000,2019-07-07 23:59:59.999999999,4,285675.0,47521494.34928894,0.037800782089755125,-0.002364924014006882,0.004204818296774539,0.9327055984735619,-0.005240736507931824
131,IDEX Corporation,IEX,2019-07-08 00:00:00.000000000,2019-07-14 23:59:59.999999999,5,321060.0,52552266.22406006,-0.009459696056027528,0.00022266399524310424,0.00491202625098018,1.5851502646615696,-0.03446239581995137
132,IDEX Corporation,IEX,2019-07-15 00:00:00.000000000,2019-07-21 23:59:59.999999999,5,424580.0,68099946.32446289,0.0011133199762155212,-0.005579804498554535,0.012710524026866163,7.5818521433955075,0.0264500213929832
133,IDEX Corporation,IEX,2019-07-22 00:00:00.000000000,2019-07-28 23:59:59.999999999,5,441380.0,71113527.05688477,-0.027899022492772676,0.004928658255820249,0.00960379161074133,3.607503467990558,-0.04282928887698438
134,IDEX Corporation,IEX,2019-07-29 00:00:00.000000000,2019-08-04 23:59:59.999999999,5,684680.0,109561500.91430664,0.024643291279101247,-0.00699956184025584,0.01891104296154677,14.062320759842253,0.002785077674198284
135,IDEX Corporation,IEX,2019-08-05 00:00:00.000000000,2019-08-11 23:59:59.999999999,5,4161800.0,650130531.6433716,-0.0349978092012792,0.007823990932979152,0.01655389374879899,8.73587124556592,0.012158473778939746
136,IDEX Corporation,IEX,2019-08-12 00:00:00.000000000,2019-08-18 23:59:59.999999999,5,546560.0,86034486.96868896,0.03911995466489576,0.0022319662531110123,0.009757756967047587,2.827034235356023,-0.021036634115437575
137,IDEX Corporation,IEX,2019-08-19 00:00:00.000000000,2019-08-25 23:59:59.999999999,5,374280.0,59317731.380615234,0.01115983126555506,-0.006040449906241719,0.013120238658929858,5.275203542719357,0.02591081436629009
138,IDEX Corporation,IEX,2019-08-26 00:00:00.000000000,2019-09-01 23:59:59.999999999,5,435580.0,68727259.99450684,-0.03020224953120859,0.004990623656522453,0.01125598100177111,7.6051510633622295,0.02513514826938614
139,IDEX Corporation,IEX,2019-09-02 00:00:00.000000000,2019-09-08 23:59:59.999999999,4,442075.0,70847993.46427917,0.024953118282612267,0.01176669070491326,0.023653665487982978,20.99637767537507,0.012022405545154567
140,IDEX Corporation,IEX,2019-09-09 00:00:00.000000000,2019-09-15 23:59:59.999999999,5,395760.0,64394019.383239746,0.04706676281965304,0.003513383215709752,0.010628085818110637,4.956668268635177,-0.038272532152162524
141,IDEX Corporation,IEX,2019-09-16 00:00:00.000000000,2019-09-22 23:59:59.999999999,5,688360.0,110966242.65411377,0.01756691607854876,-0.008383433266281845,0.019030050050975803,11.344656556835584,0.0012171733066496666
142,IDEX Corporation,IEX,2019-09-23 00:00:00.000000000,2019-09-29 23:59:59.999999999,5,400300.0,63261530.333862305,-0.041917166331409225,0.00114914421180847,0.005044325657871047,1.6973393911555752,-0.036465434674268
143,IDEX Corporation,IEX,2019-09-30 00:00:00.000000000,2019-10-06 23:59:59.999999999,5,324200.0,49855931.58691406,0.0057457210590423505,-0.006516985318917338,0.017565549808981493,23.11691099208499,0.005677062016592329
144,IDEX Corporation,IEX,2019-10-07 00:00:00.000000000,2019-10-13 23:59:59.999999999,5,449580.0,67480452.31323242,-0.03258492659458669,0.004226987429189659,0.017329126778941016,10.91328235247507,0.008851075240229255
145,IDEX Corporation,IEX,2019-10-14 00:00:00.000000000,2019-10-20 23:59:59.999999999,5,328200.0,50435830.210876465,0.021134937145948295,0.00450225118580919,0.00929061177314069,2.604684023556007,-0.010103366715787957
146,IDEX Corporation,IEX,2019-10-21 00:00:00.000000000,2019-10-27 23:59:59.999999999,5,344840.0,53099773.07067871,0.02251125592904595,-0.0007781848293168764,0.003707917083134407,1.8569249577582694,0.002016072859026901
147,IDEX Corporation,IEX,2019-10-28 00:00:00.000000000,2019-11-03 23:59:59.999999999,5,539320.0,82757030.38543701,-0.003890924146584382,-0.0004015952811122528,0.01706140223912117,11.114912548987991,0.003646922128341973
148,IDEX Corporation,IEX,2019-11-04 00:00:00.000000000,2019-11-10 23:59:59.999999999,5,368900.0,57290655.69152832,-0.002007976405561264,-0.000724122507869498,0.0026206657634543743,0.18253078560264968,0.01528616276023681
149,IDEX Corporation,IEX,2019-11-11 00:00:00.000000000,2019-11-17 23:59:59.999999999,5,478560.0,74991943.4664917,-0.00362061253934749,0.0015671364467859776,0.0028997969388854686,2.540476806770391,-0.009687814118113413
150,IDEX Corporation,IEX,2019-11-18 00:00:00.000000000,2019-11-24 23:59:59.999999999,5,408600.0,64002600.32165527,0.007835682233929888,-0.0008562197738807273,0.005182039342496932,0.8533465962837993,0.014019823852263164
151,IDEX Corporation,IEX,2019-11-25 00:00:00.000000000,2019-12-01 23:59:59.999999999,4,336275.0,52816989.06402588,-0.004281098869403636,0.0028118373428349806,0.006404689134840658,2.0524852537402065,0.0030107659978976663
152,IDEX Corporation,IEX,2019-12-02 00:00:00.000000000,2019-12-08 23:59:59.999999999,5,519960.0,80457321.47216797,0.011247349371339923,0.0037954756408775207,0.014667872595567658,10.591448774929496,0.025363034254452167
153,IDEX Corporation,IEX,2019-12-09 00:00:00.000000000,2019-12-15 23:59:59.999999999,5,374080.0,59742182.99926758,0.018977378204387604,0.005588956631826061,0.012956017587309653,6.402877908281766,0.0238989985040089
154,IDEX Corporation,IEX,2019-12-16 00:00:00.000000000,2019-12-22 23:59:59.999999999,5,618920.0,101739941.16546631,0.027944783159130304,0.004988024137525653,0.009302847758413115,2.589424956487687,0.007294344573340075
155,IDEX Corporation,IEX,2019-12-23 00:00:00.000000000,2019-12-29 23:59:59.999999999,4,209625.0,35158528.68652344,0.024940120687628263,-0.0010671351249383948,0.0034896751734321903,0.7893925538654251,0.0008109447547418615
156,IDEX Corporation,IEX,2019-12-30 00:00:00.000000000,2020-01-05 23:59:59.999999999,4,274475.0,45945778.34663391,-0.004268540499753579,0.0006238437487043685,0.0032578816251838763,1.0869348861990538,-0.0039940485988582365
157,IDEX Corporation,IEX,2020-01-06 00:00:00.000000000,2020-01-12 23:59:59.999999999,5,304180.0,50799247.15545654,0.002495374994817474,-0.0010061496833976384,0.006610938791100941,2.3184142233326632,0.024924321398592138
158,IDEX Corporation,IEX,2020-01-13 00:00:00.000000000,2020-01-19 23:59:59.999999999,5,316140.0,53519903.71154785,-0.005030748416988192,0.003483010525186172,0.009401352546800558,5.382270770721797,-0.02109759425406563
159,IDEX Corporation,IEX,2020-01-20 00:00:00.000000000,2020-01-26 23:59:59.999999999,4,334800.0,56503084.02900696,0.01741505262593086,-0.003888841276244227,0.006649447795425686,3.297204827871248,-0.04815836235915801
160,IDEX Corporation,IEX,2020-01-27 00:00:00.000000000,2020-02-02 23:59:59.999999999,5,515960.0,84233579.03686523,-0.015555365104976907,-0.006985538435545358,0.021148404242978702,28.662524640420013,0.04577361193846885
161,IDEX Corporation,IEX,2020-02-03 00:00:00.000000000,2020-02-09 23:59:59.999999999,5,453840.0,74813805.12664795,-0.03492769217772679,0.007621492800215389,0.015328245969273624,12.023813859692353,0.020075576810522324
162,IDEX Corporation,IEX,2020-02-10 00:00:00.000000000,2020-02-16 23:59:59.999999999,5,345560.0,58919446.816711426,0.038107464001076945,0.000366764274400262,0.0058044918198207115,6.20580061218165,-0.008238302811225222
163,IDEX Corporation,IEX,2020-02-17 00:00:00.000000000,2020-02-23 23:59:59.999999999,4,290200.0,49066611.81182861,0.00183382137200131,-0.002286346840167805,0.004238356335008552,2.439059143661332,-0.14623590718079527
164,IDEX Corporation,IEX,2020-02-24 00:00:00.000000000,2020-03-01 23:59:59.999999999,5,609120.0,92358740.82733154,-0.00914538736067122,-0.02530689441494812,0.053737911922008955,151.73847266894938,-0.011891984279453944
165,IDEX Corporation,IEX,2020-03-02 00:00:00.000000000,2020-03-08 23:59:59.999999999,5,661540.0,96842239.40948486,-0.1265344720747406,-0.008886562001866568,0.021578766713520624,22.475216399811423,-0.1052376675551436
166,IDEX Corporation,IEX,2020-03-09 00:00:00.000000000,2020-03-15 23:59:59.999999999,5,899480.0,116110132.09609985,-0.04443281000933284,-0.007133854029757594,0.05794969477231331,93.84782303861843,-0.10982060307295857
167,IDEX Corporation,IEX,2020-03-16 00:00:00.000000000,2020-03-22 23:59:59.999999999,5,1036100.0,120211131.41998291,-0.03566927014878797,0.0013483297848590886,0.04395885770330888,57.9805167692804,0.12620201812543466
168,IDEX Corporation,IEX,2020-03-23 00:00:00.000000000,2020-03-29 23:59:59.999999999,5,1190760.0,141323344.941864,0.006741648924295443,0.028835622630311954,0.05233965430739736,44.85887266215251,0.05587728128302701
169,IDEX Corporation,IEX,2020-03-30 00:00:00.000000000,2020-04-05 23:59:59.999999999,5,972000.0,129065537.78747559,0.14417811315155976,0.002381654696754258,0.015360119520546346,10.880065601070278,0.09392824081705577
170,IDEX Corporation,IEX,2020-04-06 00:00:00.000000000,2020-04-12 23:59:59.999999999,4,775825.0,111101884.42764282,0.011908273483771289,0.0131286430983129,0.025039361988026757,28.056014025672766,0.007985670781121596
171,IDEX Corporation,IEX,2020-04-13 00:00:00.000000000,2020-04-19 23:59:59.999999999,5,501300.0,72415476.5612793,0.0525145723932516,0.00832022088627407,0.020403016028640527,15.362279584346922,-6.54480990923263e-05
172,IDEX Corporation,IEX,2020-04-20 00:00:00.000000000,2020-04-26 23:59:59.999999999,5,514240.0,75792620.60180664,0.04160110443137035,0.0015041588601122737,0.010669662288022424,7.60502771905386,-0.009363492530927536
173,IDEX Corporation,IEX,2020-04-27 00:00:00.000000000,2020-05-03 23:59:59.999999999,5,506500.0,76570081.70227051,0.007520794300561368,-0.006398341808765024,0.018381941965133805,17.79635550272267,0.022539351682342893
174,IDEX Corporation,IEX,2020-05-04 00:00:00.000000000,2020-05-10 23:59:59.999999999,5,438620.0,65049954.46350098,-0.03199170904382512,0.005403935106690965,0.010520507120404577,6.829542262672971,-0.037315628847273345
175,IDEX Corporation,IEX,2020-05-11 00:00:00.000000000,2020-05-17 23:59:59.999999999,5,881120.0,127836521.94824219,0.027019675533454825,-0.006033786112034218,0.01709202316184815,19.81982675919324,0.013677472868065128
176,IDEX Corporation,IEX,2020-05-18 00:00:00.000000000,2020-05-24 23:59:59.999999999,5,412100.0,61156774.83062744,-0.03016893056017109,-0.005406435354124701,0.010589282602924873,3.48061234298328,0.0592886390303248
177,IDEX Corporation,IEX,2020-05-25 00:00:00.000000000,2020-05-31 23:59:59.999999999,4,525925.0,81039456.65512085,-0.027032176770623507,0.00689921171313114,0.012625262568999296,10.49887844219471,0.049695532862874245
178,IDEX Corporation,IEX,2020-06-01 00:00:00.000000000,2020-06-07 23:59:59.999999999,5,489720.0,78104499.60449219,0.02759684685252456,0.01159875677800773,0.023939488746283842,26.689687963727074,-0.08787139426335328
179,IDEX Corporation,IEX,2020-06-08 00:00:00.000000000,2020-06-14 23:59:59.999999999,5,542540.0,83654818.35723877,0.05799378389003865,-0.017104215799192798,0.041725411828896594,67.87165022778618,0.004259925452073251
180,IDEX Corporation,IEX,2020-06-15 00:00:00.000000000,2020-06-21 23:59:59.999999999,5,398000.0,59664248.09020996,-0.08552107899596399,0.0006809667639066725,0.0066113864232462015,10.529177434572665,0.00991919604669072
181,IDEX Corporation,IEX,2020-06-22 00:00:00.000000000,2020-06-28 23:59:59.999999999,5,726880.0,108838524.80773926,0.0034048338195333625,0.001720540488533535,0.015750365540536288,10.461475096123122,0.02022468935346839
182,IDEX Corporation,IEX,2020-06-29 00:00:00.000000000,2020-07-05 23:59:59.999999999,4,358600.0,54775192.457962036,0.008602702442667675,0.005667414380517639,0.011177630505350677,6.494293601013256,-0.00601676862500702
183,IDEX Corporation,IEX,2020-07-06 00:00:00.000000000,2020-07-12 23:59:59.999999999,5,265400.0,40959392.52990723,0.022669657522070556,-0.0038617959868694875,0.007766410107269433,3.225461107692894,0.08380557131370629
184,IDEX Corporation,IEX,2020-07-13 00:00:00.000000000,2020-07-19 23:59:59.999999999,5,395760.0,64187843.40362549,-0.019308979934347437,0.013362305046123521,0.027921340680286382,48.47605936356823,-0.011204819686971533
185,IDEX Corporation,IEX,2020-07-20 00:00:00.000000000,2020-07-26 23:59:59.999999999,5,472140.0,78246014.23156738,0.0668115252306176,-0.0015504478183697335,0.007238487015746132,1.7076376909695856,-0.016997778516071795
186,IDEX Corporation,IEX,2020-07-27 00:00:00.000000000,2020-08-02 23:59:59.999999999,5,337600.0,55035348.495788574,-0.007752239091848667,-0.0055909349867245915,0.012252679765022504,8.448320282079287,0.016502990998626524
187,IDEX Corporation,IEX,2020-08-03 00:00:00.000000000,2020-08-09 23:59:59.999999999,5,295140.0,48068840.746154785,-0.027954674933622956,0.0015034304777786101,0.005353347822098332,0.978467883416128,0.05467344922872629
188,IDEX Corporation,IEX,2020-08-10 00:00:00.000000000,2020-08-16 23:59:59.999999999,5,414680.0,70879520.16052246,0.007517152388893051,0.006413155553256757,0.013374784495578822,16.709568749008746,0.01216758916493055
189,IDEX Corporation,IEX,2020-08-17 00:00:00.000000000,2020-08-23 23:59:59.999999999,5,396220.0,68589111.6430664,0.03206577776628378,0.004563675762966471,0.00838753648074006,3.4696992016929595,0.011406148390549896
190,IDEX Corporation,IEX,2020-08-24 00:00:00.000000000,2020-08-30 23:59:59.999999999,5,343880.0,60558464.4519043,0.022818378814832355,0.00033225637352778467,0.004662234351844893,1.564796221994949,-0.018077276151701186
191,IDEX Corporation,IEX,2020-08-31 00:00:00.000000000,2020-09-06 23:59:59.999999999,5,336880.0,59524199.25689697,0.0016612818676389233,-0.002896281556622229,0.013499755267341672,9.198355933084557,0.01970494155656864
192,IDEX Corporation,IEX,2020-09-07 00:00:00.000000000,2020-09-13 23:59:59.999999999,4,340400.0,59459026.24549866,-0.014481407783111145,0.0072581208061538475,0.012803247841380691,6.759786979445403,0.02716416037263307
193,IDEX Corporation,IEX,2020-09-14 00:00:00.000000000,2020-09-20 23:59:59.999999999,5,395820.0,72009518.40820312,0.02903248322461539,0.0021075411162161262,0.0054124068428440305,5.06568594839661,-0.037679952661535766
194,IDEX Corporation,IEX,2020-09-21 00:00:00.000000000,2020-09-27 23:59:59.999999999,5,352640.0,61616145.79376221,0.010537705581080631,0.0008751931775830824,0.008008190904650546,9.267786099359101,0.004971190866907413
195,IDEX Corporation,IEX,2020-09-28 00:00:00.000000000,2020-10-04 23:59:59.999999999,5,298220.0,52761806.11602783,0.004375965887915412,-0.0015442755228288376,0.009454656757284963,10.7694662919204,0.05830368131571511
196,IDEX Corporation,IEX,2020-10-05 00:00:00.000000000,2020-10-11 23:59:59.999999999,5,275920.0,50707017.61413574,-0.007721377614144188,0.008200727717074075,0.01925616803480675,27.854154153101543,0.014909578969708561
197,IDEX Corporation,IEX,2020-10-12 00:00:00.000000000,2020-10-18 23:59:59.999999999,5,577760.0,107817064.6987915,0.04100363858537038,0.004301645061744928,0.0134949505455926,11.427814877640373,-0.005707379804085136
198,IDEX Corporation,IEX,2020-10-19 00:00:00.000000000,2020-10-25 23:59:59.999999999,5,318320.0,59474375.925598145,0.021508225308724642,0.001992201351106947,0.005256794494474193,2.279380778085443,-0.11083866231282308
199,IDEX Corporation,IEX,2020-10-26 00:00:00.000000000,2020-11-01 23:59:59.999999999,5,760300.0,130003883.08135986,0.009961006755534737,-0.0207176097670709,0.05505796936490327,181.67256156994284,0.07412415229505881
200,IDEX Corporation,IEX,2020-11-02 00:00:00.000000000,2020-11-08 23:59:59.999999999,5,483140.0,85070546.17828369,-0.10358804883535451,0.004766177616951204,0.013500684250380783,17.993724491217936,0.05545840751119624
201,IDEX Corporation,IEX,2020-11-09 00:00:00.000000000,2020-11-15 23:59:59.999999999,5,530880.0,99776835.02288818,0.023830888084756016,0.005707871148021084,0.01699286870867893,17.507340987923534,0.004141432524657545
202,IDEX Corporation,IEX,2020-11-16 00:00:00.000000000,2020-11-22 23:59:59.999999999,5,378480.0,72952847.59277344,0.02853935574010542,-0.003335697522141973,0.0074229440703555225,2.311779715745949,-0.008300166814563437
203,IDEX Corporation,IEX,2020-11-23 00:00:00.000000000,2020-11-29 23:59:59.999999999,4,376000.0,71247529.45365906,-0.016678487610709867,-0.0013186274647754633,0.006375108969006015,2.4481481554071234,0.0021831830322004233
204,IDEX Corporation,IEX,2020-11-30 00:00:00.000000000,2020-12-06 23:59:59.999999999,5,416680.0,78678277.64038086,-0.005274509859101853,-0.0003831368892060274,0.011342884163381887,10.393862603495133,0.0007781652383231862
205,IDEX Corporation,IEX,2020-12-07 00:00:00.000000000,2020-12-13 23:59:59.999999999,5,297380.0,56331393.36456299,-0.001915684446030137,0.0021055849798672878,0.007689656380248614,5.79860473822531,0.029129734640668155
206,IDEX Corporation,IEX,2020-12-14 00:00:00.000000000,2020-12-20 23:59:59.999999999,5,417700.0,80503387.26135254,0.01052792489933644,0.006103690954040286,0.011817718173826791,7.906730114538961,-0.010022721353075605
207,IDEX Corporation,IEX,2020-12-21 00:00:00.000000000,2020-12-27 23:59:59.999999999,4,295450.0,57020627.78739929,0.03051845477020143,-0.0022311833499681975,0.007326176027295838,3.156773190791086,0.013431079109988453
208,IDEX Corporation,IEX,2020-12-28 00:00:00.000000000,2021-01-03 23:59:59.999999999,4,203175.0,39302971.73690796,-0.00892473339987279,0.004198314245577239,0.008819573334283409,3.212886942705426,0.03875511365366047
209,IDEX Corporation,IEX,2021-01-04 00:00:00.000000000,2021-01-10 23:59:59.999999999,5,347920.0,68898164.00756836,0.016793256982308956,0.01188882287384023,0.031064192537491507,59.868705960894346,-0.0599904882800628
210,IDEX Corporation,IEX,2021-01-11 00:00:00.000000000,2021-01-17 23:59:59.999999999,5,364840.0,72325212.10754395,0.05944411436920115,-0.013485388415056579,0.029405575019489063,54.81115833367024,0.012884017621235526
211,IDEX Corporation,IEX,2021-01-18 00:00:00.000000000,2021-01-24 23:59:59.999999999,4,571975.0,110363525.5393982,-0.0674269420752829,0.004019546071984634,0.010335278914010298,6.1552189161266035,-0.052661179117934526
212,IDEX Corporation,IEX,2021-01-25 00:00:00.000000000,2021-01-31 23:59:59.999999999,5,411180.0,76752048.64440918,0.016078184287938536,-0.008180097663219591,0.018114277288929375,21.92384371910638,0.03308453106601527
213,IDEX Corporation,IEX,2021-02-01 00:00:00.000000000,2021-02-07 23:59:59.999999999,5,630180.0,119054290.29144287,-0.04090048831609796,0.0030936466352342786,0.0126156359041691,14.783390392896237,0.039095359058102346
214,IDEX Corporation,IEX,2021-02-08 00:00:00.000000000,2021-02-14 23:59:59.999999999,5,500200.0,97688623.2824707,0.015468233176171393,0.0014513852995371673,0.0048096919895889,7.427194228291305,-0.01561011142773371
215,IDEX Corporation,IEX,2021-02-15 00:00:00.000000000,2021-02-21 23:59:59.999999999,4,424225.0,81471392.63954163,0.0072569264976858365,-0.0006842925628834086,0.010294227204138341,12.478248743794413,-0.008030408948609069
216,IDEX Corporation,IEX,2021-02-22 00:00:00.000000000,2021-02-28 23:59:59.999999999,5,370080.0,71666531.10351562,-0.0027371702515336343,-0.0021591369993079193,0.005241801189520726,2.2341113251706917,0.014295237866647931
217,IDEX Corporation,IEX,2021-03-01 00:00:00.000000000,2021-03-07 23:59:59.999999999,5,312480.0,60918051.76055908,-0.010795684996539597,-0.0019508713689340399,0.009970702032506062,6.2995535247991485,0.007021612078636477
218,IDEX Corporation,IEX,2021-03-08 00:00:00.000000000,2021-03-14 23:59:59.999999999,5,419360.0,82151864.21264648,-0.009754356844670199,0.0006138714722409638,0.004752775135830572,2.3015202420990493,-0.0010534727485221396
219,IDEX Corporation,IEX,2021-03-15 00:00:00.000000000,2021-03-21 23:59:59.999999999,5,541520.0,106164483.00933838,0.003069357361204819,-0.004246556272417011,0.011736824542843175,9.727545004579802,0.03721000408077726
220,IDEX Corporation,IEX,2021-03-22 00:00:00.000000000,2021-03-28 23:59:59.999999999,5,367100.0,72368206.03179932,-0.021232781362085056,0.008467887790455516,0.017412479379443454,17.587587886030846,0.02759629953607509
221,IDEX Corporation,IEX,2021-03-29 00:00:00.000000000,2021-04-04 23:59:59.999999999,4,386825.0,79955827.79312132,0.042339438952277576,0.004936595914120345,0.008332293878489222,8.973795603525094,0.024357940261000622
222,IDEX Corporation,IEX,2021-04-05 00:00:00.000000000,2021-04-11 23:59:59.999999999,5,346220.0,73443135.23284912,0.01974638365648138,0.0025714816726777885,0.005687773182178223,3.1833546034213427,0.014488336539146713
223,IDEX Corporation,IEX,2021-04-12 00:00:00.000000000,2021-04-18 23:59:59.999999999,5,869240.0,187187857.85888672,0.012857408363388943,0.00213530062145385,0.00887510796457149,5.814228166035722,0.02094550964914996
224,IDEX Corporation,IEX,2021-04-19 00:00:00.000000000,2021-04-25 23:59:59.999999999,5,409860.0,90131612.39715576,0.01067650310726925,0.004857852557702856,0.010116941185732886,11.734901394785426,-0.0043962370475704535
225,IDEX Corporation,IEX,2021-04-26 00:00:00.000000000,2021-05-02 23:59:59.999999999,5,393040.0,87260507.60864258,0.02428926278851428,-0.0011000594477960537,0.006644682739959352,20.80178003094056,0.008028465831178453
226,IDEX Corporation,IEX,2021-05-03 00:00:00.000000000,2021-05-09 23:59:59.999999999,5,367460.0,81612448.69506836,-0.005500297238980268,0.0022371359063776417,0.006264600596442283,5.749510520224537,-0.007256554660572753
227,IDEX Corporation,IEX,2021-05-10 00:00:00.000000000,2021-05-16 23:59:59.999999999,5,354820.0,77887847.23510742,0.01118567953188821,-0.0022040017487497104,0.014434596836643415,18.26707383776846,-0.017199438473161376
228,IDEX Corporation,IEX,2021-05-17 00:00:00.000000000,2021-05-23 23:59:59.999999999,5,353620.0,76512120.61401367,-0.011020008743748552,-0.00298324187265819,0.010519443891196417,10.911990189262255,0.012275102424419652
229,IDEX Corporation,IEX,2021-05-24 00:00:00.000000000,2021-05-30 23:59:59.999999999,5,259920.0,56828329.012145996,-0.014916209363290949,0.0017213494971844942,0.0031677883523118264,2.134324374536516,0.012260790675097274
230,IDEX Corporation,IEX,2021-05-31 00:00:00.000000000,2021-06-06 23:59:59.999999999,4,234300.0,51755632.20024109,0.00860674748592247,0.001697429619412482,0.0044147093887191525,1.640456421030983,-0.02280492089747517
231,IDEX Corporation,IEX,2021-06-07 00:00:00.000000000,2021-06-13 23:59:59.999999999,5,281320.0,61387091.45629883,0.006789718477649928,-0.0022446748053633623,0.006540035272234717,4.915157488769071,-0.038456304552524315
232,IDEX Corporation,IEX,2021-06-14 00:00:00.000000000,2021-06-20 23:59:59.999999999,5,378060.0,80620681.49536133,-0.011223374026816812,-0.008196342018329238,0.02011147809457501,36.51296350093878,0.03796390250631429
233,IDEX Corporation,IEX,2021-06-21 00:00:00.000000000,2021-06-27 23:59:59.999999999,5,351760.0,75719548.02246094,-0.04098171009164619,0.0024964124529841853,0.005138949236885828,5.988935134170216,0.005458911119302956
234,IDEX Corporation,IEX,2021-06-28 00:00:00.000000000,2021-07-04 23:59:59.999999999,5,304840.0,66205900.984191895,0.012482062264920926,0.0010003252707053397,0.002249353493740602,0.8392554169432452,0.014704704553333748
235,IDEX Corporation,IEX,2021-07-05 00:00:00.000000000,2021-07-11 23:59:59.999999999,4,330525.0,72378129.86564636,0.005001626353526699,0.005584182835138929,0.01037331733898235,8.202046579055004,0.013150011204710614
236,IDEX Corporation,IEX,2021-07-12 00:00:00.000000000,2021-07-18 23:59:59.999999999,5,668220.0,148816892.38067627,0.022336731340555718,0.002422411055163333,0.006277888956913159,4.027145866030004,0.0049852569025338805
237,IDEX Corporation,IEX,2021-07-19 00:00:00.000000000,2021-07-25 23:59:59.999999999,5,345660.0,77265444.64202881,0.012112055275816665,0.004902172113351041,0.01061158161259662,12.49772222174491,-0.004872641105104205
238,IDEX Corporation,IEX,2021-07-26 00:00:00.000000000,2021-08-01 23:59:59.999999999,5,357800.0,79051973.2156372,0.024510860566755204,0.0004953064660975831,0.013430826898874359,28.35037073306053,0.004322952599913296
239,IDEX Corporation,IEX,2021-08-02 00:00:00.000000000,2021-08-08 23:59:59.999999999,5,255820.0,57418543.45764159,0.0024765323304879153,0.001531385156429419,0.0046378332750376386,1.3811704555817577,-0.01616376987028903
240,IDEX Corporation,IEX,2021-08-09 00:00:00.000000000,2021-08-15 23:59:59.999999999,5,273680.0,61170028.2434082,0.007656925782147095,-0.002041549796736555,0.0065056433970113094,2.5945991693564565,-0.012054129322843308
241,IDEX Corporation,IEX,2021-08-16 00:00:00.000000000,2021-08-22 23:59:59.999999999,5,308700.0,67783164.83978271,-0.010207748983682775,-0.005339557161255051,0.013968616792804067,19.99662572809756,0.018121072028511237
242,IDEX Corporation,IEX,2021-08-23 00:00:00.000000000,2021-08-29 23:59:59.999999999,5,297360.0,66075043.95843506,-0.026697785806275253,0.0032292941571253073,0.008179900558640379,7.987868714268246,-0.01211716154262741
243,IDEX Corporation,IEX,2021-08-30 00:00:00.000000000,2021-09-05 23:59:59.999999999,5,474000.0,104791888.80584717,0.016146470785626536,-0.0029918181318232253,0.008913002247891464,7.006989855876914,-0.024306940217156986
244,IDEX Corporation,IEX,2021-09-06 00:00:00.000000000,2021-09-12 23:59:59.999999999,4,317325.0,68345820.520401,-0.014959090659116128,-1.1496863968252592e-05,0.004191371152386037,6.477718209804,-0.006492988154238074
245,IDEX Corporation,IEX,2021-09-13 00:00:00.000000000,2021-09-19 23:59:59.999999999,5,431560.0,92397047.2543335,-4.598745587301037e-05,0.0011936255999742049,0.008986708462407567,6.5524099414041395,0.004310562857241591
246,IDEX Corporation,IEX,2021-09-20 00:00:00.000000000,2021-09-26 23:59:59.999999999,5,234880.0,49985680.95794678,0.005968127999871025,0.0018350088082493294,0.0071353101293242195,4.522796305967375,-0.03013661449380272
247,IDEX Corporation,IEX,2021-09-27 00:00:00.000000000,2021-10-03 23:59:59.999999999,5,283780.0,59132940.88012694,0.009175044041246647,-0.004874667380611774,0.014949429535694699,19.74226066664014,0.00794673354941552
248,IDEX Corporation,IEX,2021-10-04 00:00:00.000000000,2021-10-10 23:59:59.999999999,5,330000.0,68846006.73400879,-0.02437333690305887,0.0032431310000211517,0.00918726750509327,8.832604712812076,0.010342750448134005
249,IDEX Corporation,IEX,2021-10-11 00:00:00.000000000,2021-10-17 23:59:59.999999999,5,285380.0,59047084.81719971,0.016215655000105758,0.006614010685536432,0.020006317277059798,28.70076047781167,0.035699298706975066
250,IDEX Corporation,IEX,2021-10-18 00:00:00.000000000,2021-10-24 23:59:59.999999999,5,285340.0,61630256.77459717,0.03307005342768216,0.007207801184486637,0.014284118052806643,21.639473732627998,0.006785200906531719
251,IDEX Corporation,IEX,2021-10-25 00:00:00.000000000,2021-10-31 23:59:59.999999999,5,393040.0,86441172.53051758,0.036039005922433184,0.0012477923571951968,0.005462495726241209,1.849691608191569,0.05364593889229779
252,IDEX Corporation,IEX,2021-11-01 00:00:00.000000000,2021-11-07 23:59:59.999999999,5,294200.0,67282906.49108887,0.006238961785975983,0.009477432618142524,0.01805642013393392,43.18023289048869,0.0023027356901775442
253,IDEX Corporation,IEX,2021-11-08 00:00:00.000000000,2021-11-14 23:59:59.999999999,5,181600.0,42328181.79626465,0.04738716309071262,-0.00034825367084557817,0.003812595752772672,1.3431502545136076,-0.0026802873286878868
254,IDEX Corporation,IEX,2021-11-15 00:00:00.000000000,2021-11-21 23:59:59.999999999,5,187560.0,43757155.7019043,-0.0017412683542278908,-0.00016198110955353875,0.0039773291885001,1.3324160333412869,-0.014845132871225727
255,IDEX Corporation,IEX,2021-11-22 00:00:00.000000000,2021-11-28 23:59:59.999999999,4,255225.0,59311907.247161865,-0.0008099055477676937,-0.004653243118990824,0.01077596551286254,7.882290282713791,-0.011474868758788495
256,IDEX Corporation,IEX,2021-11-29 00:00:00.000000000,2021-12-05 23:59:59.999999999,5,436540.0,97954297.8137207,-0.018612972475963295,-0.005229931135722026,0.02173587085739827,44.771578574234894,0.03504318261594957
257,IDEX Corporation,IEX,2021-12-06 00:00:00.000000000,2021-12-12 23:59:59.999999999,5,238860.0,55753211.523132324,-0.02614965567861013,0.0013635127085007378,0.004099903581558457,4.232892830930616,-0.03199459523417351
258,IDEX Corporation,IEX,2021-12-13 00:00:00.000000000,2021-12-19 23:59:59.999999999,5,367800.0,85166290.00366211,0.006817563542503689,-0.0065953488275216025,0.017769645784551064,20.09986676410451,0.008350404543078848
259,IDEX Corporation,IEX,2021-12-20 00:00:00.000000000,2021-12-26 23:59:59.999999999,4,369050.0,83115502.6638031,-0.03297674413760801,0.007998107949649357,0.013545444308574586,13.499441155534225,0.0246271497140433
260,IDEX Corporation,IEX,2021-12-27 00:00:00.000000000,2022-01-02 23:59:59.999999999,5,317800.0,74154195.48339844,0.031992431798597426,0.002311455501555611,0.00438076256940429,5.117417510360684,-0.0370260127047213
261,IDEX Corporation,IEX,2022-01-03 00:00:00.000000000,2022-01-09 23:59:59.999999999,5,269060.0,61670762.72644043,0.011557277507778053,-0.0027049169277973354,0.012311030730252989,15.861109709064273,-0.02959319729833261
262,IDEX Corporation,IEX,2022-01-10 00:00:00.000000000,2022-01-16 23:59:59.999999999,5,280100.0,62310335.69274902,-0.013524584638986677,-0.0035620817088876772,0.011204925321289107,7.381461281829383,-0.005265298513549876
263,IDEX Corporation,IEX,2022-01-17 00:00:00.000000000,2022-01-23 23:59:59.999999999,4,461150.0,99664486.35177612,-0.017810408544438387,0.0017691942739270507,0.00671508956666915,3.7198970236362747,-0.03586586752150529
264,IDEX Corporation,IEX,2022-01-24 00:00:00.000000000,2022-01-30 23:59:59.999999999,5,420020.0,89441591.75567627,0.007076777095708203,-0.00844063864422649,0.02169419255784166,37.17238852692491,-0.06536035749527948
265,IDEX Corporation,IEX,2022-01-31 00:00:00.000000000,2022-02-06 23:59:59.999999999,5,620380.0,127223026.09649658,-0.04220319322113245,-0.01667286897837515,0.039149101558962375,103.17244946929387,-0.03868747955501141
266,IDEX Corporation,IEX,2022-02-07 00:00:00.000000000,2022-02-13 23:59:59.999999999,5,568460.0,110390915.55419922,-0.08336434489187575,-0.008223065703487503,0.018878778477429907,17.89690810726964,-0.002633766989855955
267,IDEX Corporation,IEX,2022-02-14 00:00:00.000000000,2022-02-20 23:59:59.999999999,5,615180.0,116284318.73626709,-0.04111532851743751,-0.002441562100386964,0.006621032513248137,7.407768375235111,0.016636775960198063
268,IDEX Corporation,IEX,2022-02-21 00:00:00.000000000,2022-02-27 23:59:59.999999999,4,448025.0,84001613.74168396,-0.01220781050193482,0.005048244090604611,0.015170880433058129,18.761594292484205,-0.0017143839252928839
269,IDEX Corporation,IEX,2022-02-28 00:00:00.000000000,2022-03-06 23:59:59.999999999,5,524760.0,99997968.91326903,0.020192976362418444,0.0002709861171838776,0.011165865473111177,7.577408867839376,-0.013114149005826414
270,IDEX Corporation,IEX,2022-03-07 00:00:00.000000000,2022-03-13 23:59:59.999999999,5,481580.0,90004025.56030273,0.001354930585919388,0.0013377050570374906,0.016861559105343586,13.057792610242194,0.0493039688849823
271,IDEX Corporation,IEX,2022-03-14 00:00:00.000000000,2022-03-20 23:59:59.999999999,5,414080.0,80604442.28057861,0.006688525285187453,0.010471212438606752,0.02088503501803141,35.6262001620001,-0.019196914970899797
272,IDEX Corporation,IEX,2022-03-21 00:00:00.000000000,2022-03-27 23:59:59.999999999,5,395160.0,76860449.18670654,0.052356062193033764,-0.0033254419626730035,0.010799359452485693,10.231573826987898,-0.015422427770301452
273,IDEX Corporation,IEX,2022-03-28 00:00:00.000000000,2022-04-03 23:59:59.999999999,5,524900.0,101406754.15222168,-0.016627209813365018,-0.002619275378563755,0.013975565968034316,10.551202875280117,0.024354631206870973
274,IDEX Corporation,IEX,2022-04-04 00:00:00.000000000,2022-04-10 23:59:59.999999999,5,624080.0,121383626.4666748,-0.013096376892818775,0.0034732213939895873,0.01351466371346194,17.66916543141281,-0.031904016259670334
275,IDEX Corporation,IEX,2022-04-11 00:00:00.000000000,2022-04-17 23:59:59.999999999,4,392325.0,75585574.70321655,0.017366106969947937,-0.005855071863737654,0.011097209659618225,7.421703252136423,0.0045129724685547545
276,IDEX Corporation,IEX,2022-04-18 00:00:00.000000000,2022-04-24 23:59:59.999999999,5,286360.0,55125429.23034668,-0.023420287454950617,0.0025072614667480393,0.017144305021437985,26.542031467414233,-0.008358504274412938
277,IDEX Corporation,IEX,2022-04-25 00:00:00.000000000,2022-05-01 23:59:59.999999999,5,567380.0,108036077.07824707,0.012536307333740197,-0.001971719749652239,0.01741898246015456,16.059532307269397,-0.00927199108143723
278,IDEX Corporation,IEX,2022-05-02 00:00:00.000000000,2022-05-08 23:59:59.999999999,5,433920.0,82445962.83508301,-0.009858598748261196,-0.0021254103449220413,0.018973333338301375,20.46899706837277,-0.0100500230718658
279,IDEX Corporation,IEX,2022-05-09 00:00:00.000000000,2022-05-15 23:59:59.999999999,5,522420.0,96186793.3203125,-0.010627051724610207,-0.0029947132806395034,0.01292023032783506,15.804040507492823,-0.0004310595881924818
280,IDEX Corporation,IEX,2022-05-16 00:00:00.000000000,2022-05-22 23:59:59.999999999,5,574240.0,105821972.6260376,-0.014973566403197516,2.156047130265776e-05,0.015488454806368249,18.717118873944997,0.035850984341538654
281,IDEX Corporation,IEX,2022-05-23 00:00:00.000000000,2022-05-29 23:59:59.999999999,5,359660.0,67301533.74298096,0.00010780235651328879,0.007159031956002653,0.015161711458814446,13.250740866706813,0.01571777312703394
282,IDEX Corporation,IEX,2022-05-30 00:00:00.000000000,2022-06-05 23:59:59.999999999,4,326225.0,62703608.73374939,0.03579515978001326,0.004711573074729474,0.012699555818962349,9.811725845006164,-0.05062518302311153
283,IDEX Corporation,IEX,2022-06-06 00:00:00.000000000,2022-06-12 23:59:59.999999999,5,224000.0,42806604.98748779,0.018846292298917895,-0.009978969859100881,0.02360616432637911,31.513951969580713,-0.06595420460419595
284,IDEX Corporation,IEX,2022-06-13 00:00:00.000000000,2022-06-19 23:59:59.999999999,5,400260.0,70330391.75872803,-0.04989484929550441,-0.007839202454947191,0.020147132931521386,27.230765194780382,0.07222921916028884
285,IDEX Corporation,IEX,2022-06-20 00:00:00.000000000,2022-06-26 23:59:59.999999999,4,409450.0,73894694.72084045,-0.03919601227473595,0.013205667673599457,0.023525423942540025,26.429559687408858,-0.010239227446799072
286,IDEX Corporation,IEX,2022-06-27 00:00:00.000000000,2022-07-03 23:59:59.999999999,5,361480.0,65754650.94909668,0.052822670694397826,-0.000575489267280595,0.00844953293197161,9.61173723338266,0.011053024894271554
287,IDEX Corporation,IEX,2022-07-04 00:00:00.000000000,2022-07-10 23:59:59.999999999,4,454150.0,84088779.79774475,-0.002877446336402975,0.0016943164232465857,0.006609803382851016,5.458361370968404,0.0063979840933397186
288,IDEX Corporation,IEX,2022-07-11 00:00:00.000000000,2022-07-17 23:59:59.999999999,5,339680.0,62245441.230163574,0.006777265692986343,0.0006420949415874552,0.014138738388866522,15.278069253754698,0.03495119702361001
289,IDEX Corporation,IEX,2022-07-18 00:00:00.000000000,2022-07-24 23:59:59.999999999,5,399600.0,75780931.54296875,0.003210474707937276,0.010954267965083055,0.021441880939488865,28.81318296634103,0.08289669229323138
290,IDEX Corporation,IEX,2022-07-25 00:00:00.000000000,2022-07-31 23:59:59.999999999,5,475440.0,95279559.79553223,0.05477133982541528,0.016467055825001534,0.034631301994470315,83.33410795778039,0.015233497848053891
291,IDEX Corporation,IEX,2022-08-01 00:00:00.000000000,2022-08-07 23:59:59.999999999,5,374220.0,78361976.71081543,0.08233527912500767,0.003485347643630584,0.010068904188278563,6.149855011655049,0.015429643681739363
292,IDEX Corporation,IEX,2022-08-08 00:00:00.000000000,2022-08-14 23:59:59.999999999,5,310180.0,66042799.51019287,0.01742673821815292,0.0038554369074056834,0.011024345833576098,9.005125070223627,0.0015799086557254814
293,IDEX Corporation,IEX,2022-08-15 00:00:00.000000000,2022-08-21 23:59:59.999999999,5,457180.0,98860100.71411133,0.019277184537028418,-0.0005367405553939524,0.004338108427330881,2.3692481494741253,-0.04676620064140152
294,IDEX Corporation,IEX,2022-08-22 00:00:00.000000000,2022-08-28 23:59:59.999999999,5,257240.0,54185921.71356201,-0.002683702776969762,-0.005260402765224449,0.014274786488586471,10.667682705749769,-0.02647718418982761
295,IDEX Corporation,IEX,2022-08-29 00:00:00.000000000,2022-09-04 23:59:59.999999999,5,267420.0,54045082.79571533,-0.026302013826122246,-0.004667967488348996,0.008845668834537223,6.27389772403991,0.05009493450476579
296,IDEX Corporation,IEX,2022-09-05 00:00:00.000000000,2022-09-11 23:59:59.999999999,4,357825.0,74029796.76475525,-0.02333983744174498,0.011334794384145743,0.019414555530559065,32.723310310936995,-0.024328702978914696
297,IDEX Corporation,IEX,2022-09-12 00:00:00.000000000,2022-09-18 23:59:59.999999999,5,633220.0,131092244.3624878,0.045339177536582974,-0.005909935641683136,0.01162665814996178,11.207433693273932,-0.02742397559189345
298,IDEX Corporation,IEX,2022-09-19 00:00:00.000000000,2022-09-25 23:59:59.999999999,5,491720.0,100464702.60925293,-0.02954967820841568,-0.009627968728627867,0.01910781251666951,25.70684362002651,0.0027093901537132963
299,IDEX Corporation,IEX,2022-09-26 00:00:00.000000000,2022-10-02 23:59:59.999999999,5,626820.0,125371541.7767334,-0.048139843643139335,0.00023044884475933184,0.00818732158083777,3.831822700216489,
